course_id,course_name,question_id,assessment_type,question_number,question,option_a,option_b,option_c,option_d,correct_answer,explanation,difficulty,competency,topic,learning_objective
C01,Data Analysis & Manipulation with Python,C01_Q01,INITIAL,1,Which Python library is the primary tool for loading and manipulating tabular (row-column) survey microdata?,Matplotlib,Requests,Pandas,Scipy,C,Pandas provides the DataFrame and Series structures designed specifically for loading and manipulating tabular survey microdata.,Easy,Data Manipulation,Pandas Fundamentals,Identify the core Python library used for tabular data analysis.
C01,Data Analysis & Manipulation with Python,C01_Q02,INITIAL,2,"In Python data analysis, a DataFrame is best described as:","A two-dimensional, labelled tabular structure with rows and columns",A one-dimensional array used only for generating plots,A database management system installed on the computer,A compressed file format for storing tables,A,"A DataFrame organises data into rows and columns with labels, analogous to a spreadsheet or an SQL table.",Easy,Data Manipulation,Pandas DataFrame,Define the structure of a pandas DataFrame.
C01,Data Analysis & Manipulation with Python,C01_Q03,INITIAL,3,What is the key structural difference between a pandas Series and a pandas DataFrame?,"A Series can store only numbers, while a DataFrame can store text also","A DataFrame requires a numeric index, while a Series requires text labels",They are identical and interchangeable in every operation,"A Series holds a single labelled column of data, while a DataFrame holds multiple labelled columns",D,A Series is one-dimensional labelled data; a DataFrame is a two-dimensional collection of columns sharing a common index.,Medium,Data Manipulation,Series vs DataFrame,Differentiate a Series from a DataFrame.
C01,Data Analysis & Manipulation with Python,C01_Q04,INITIAL,4,"In a pandas DataFrame created from survey microdata, missing or unknown observations are typically shown as:","The string ""NA"" typed into every cell",NaN (Not a Number),The integer 0,A dash '-' placed in the cell,B,"pandas represents missing numeric values with the NaN marker, a special floating-point value that .isna() can detect.",Medium,Data Cleaning,Missing Data,Recognise how missing values are represented in pandas.
C01,Data Analysis & Manipulation with Python,C01_Q05,INITIAL,5,A statistician must compute the average monthly income for each State from a unit-level household dataset. Which single pandas operation is most appropriate?,df.transpose(),df['income'].cummax(),df.groupby('state')['income'].mean(),df.dropna(subset=['income']),C,"groupby partitions rows by the State column and .mean() aggregates income within each group, yielding one average per State.",Advanced,Data Manipulation,Grouping & Aggregation,Apply grouping and aggregation for State-level summarisation.
C01,Data Analysis & Manipulation with Python,C01_Q06,FINAL,6,Which command reads a comma-separated microdata file named household.csv into a pandas DataFrame?,pd.read_csv('household.csv'),open('household.csv'),np.loadtxt('household.csv'),pd.import('household.csv'),A,pd.read_csv is the dedicated pandas function that parses comma-separated text files into a DataFrame.,Easy,Data Manipulation,Data Loading,Load delimited datasets into pandas.
C01,Data Analysis & Manipulation with Python,C01_Q07,FINAL,7,"A new dataset has been received. Which combination of methods gives an immediate overview of the first rows, data types and summary statistics?","df.first(), df.schema() and df.stats()","df.top(), df.meta() and df.avg()","df.peek(), df.types() and df.total()","df.head(), df.info() and df.describe()",D,"head() shows leading rows, info() lists columns with their data types, and describe() summarises numeric column distributions.",Easy,Data Exploration,Exploratory Data Analysis,Produce a quick exploratory profile of a dataset.
C01,Data Analysis & Manipulation with Python,C01_Q08,FINAL,8,How should a statistician select only respondents aged between 18 and 60 (inclusive) from a DataFrame containing a column 'age'?,df[18 <= df['age'] <= 60],df[(df['age'] >= 18) & (df['age'] <= 60)],df['age'][18:60],"df.iloc['age', 18:60]",B,"Combined boolean masks joined with & (rather than chained comparisons, which Python does not support on Series) select the required rows.",Medium,Data Manipulation,Boolean Filtering,Filter rows using boolean conditions.
C01,Data Analysis & Manipulation with Python,C01_Q09,FINAL,9,About 12% of 'income' values are missing. The analyst decides to remove only the records with missing income. Which command is correct?,df = df.fillna(0),df = df.drop_duplicates(),df = df.dropna(subset=['income']),"df = df.replace(np.nan, 'Not available')",C,dropna with the subset argument removes only the rows where the specified column contains a missing value.,Medium,Data Cleaning,Missing Data Handling,Remove records with missing values in a selected column.
C01,Data Analysis & Manipulation with Python,C01_Q10,FINAL,10,"Before analysis, 'income' has missing values and is strongly right-skewed. Which imputation choice is generally most defensible?",Replace the missing values with the median income and document the limitation,Replace the missing values with the arithmetic mean of income,Set every missing value to zero,Ignore the missing values without any adjustment,A,"The median is resistant to skewness and extreme values, making it a safer imputation central value for income than the mean.",Medium,Data Cleaning,Imputation,Choose a robust imputation strategy for a skewed variable.
C01,Data Analysis & Manipulation with Python,C01_Q11,FINAL,11,Which expression reports both the mean and the count of 'income' for every district in one operation?,df['income'].mean('district'),"df.pivot_table(index='district', columns='income')","df.AGGREGATE('district', 'income')","df.groupby('district')['income'].agg(['mean', 'count'])",D,agg accepts a list of functions and applies each of them to the income column within every district group.,Advanced,Data Manipulation,Grouping & Aggregation,Compute multiple aggregations in a single grouped operation.
C01,Data Analysis & Manipulation with Python,C01_Q12,FINAL,12,A household microdata file and a village file both contain 'village_code'. How are village characteristics attached to every household row?,"pd.concat([df_household, df_village], axis=1)","pd.merge(df_household, df_village, on='village_code', how='left')",df_household.append(df_village),"pd.merge(df_household, df_village, on='household_id')",B,A left merge on the shared village key attaches village attributes to each household row without dropping any household.,Advanced,Data Transformation,Merge & Join,Combine datasets using merge operations.
C01,Data Analysis & Manipulation with Python,C01_Q13,FINAL,13,Two quarterly files containing the same variables must be stacked one below the other. Which operation is appropriate?,"pd.concat([q1, q2], axis=1)","q1.join(q2, how='outer')","pd.concat([q1, q2], axis=0)","pd.merge(q1, q2, left_index=True, right_index=True)",C,axis=0 concatenates rows; quarter files with identical columns are best combined vertically this way.,Easy,Data Transformation,Concatenation,Stack datasets vertically using concatenation.
C01,Data Analysis & Manipulation with Python,C01_Q14,FINAL,14,"Which pivot_table call creates a table with districts as rows, survey rounds as columns and mean per-capita expenditure as cell values?","df.pivot_table(index='district', columns='round', values='mpce', aggfunc='mean')",df.groupby('district')['mpce'].count(),"df.melt(id_vars='district', value_vars='mpce')","df.merge(df_round, df_mpce, how='left')",A,"pivot_table spreads one categorical variable across rows and another across columns, aggregating the values with a chosen function.",Medium,Data Transformation,Pivot Tables,Reshape data with pivot tables.
C01,Data Analysis & Manipulation with Python,C01_Q15,FINAL,15,A wide indicator table has one column per month. Which command converts it to long form with columns 'month' and 'value'?,"df.pivot_table(index='sector', columns='month')",df.stack().unstack().mean(),df.explode('month').groupby('value'),"df.melt(id_vars='sector', var_name='month', value_name='value')",D,"melt gathers many columns into attribute-value pairs, producing the long format typically required for time-series plotting.",Advanced,Data Transformation,Reshaping (melt),Reshape wide tables to long format.
C01,Data Analysis & Manipulation with Python,C01_Q16,FINAL,16,The 'age' column was read as text. Which statement converts it to numeric while turning invalid entries into missing values?,df['age'] = df['age'].astype(int),"df['age'] = pd.to_numeric(df['age'], errors='coerce')",df['age'] = df['age'].apply(str),df['age'] = pd.to_datetime(df['age']),B,"to_numeric parses strings to numbers and, with errors='coerce', converts values it cannot parse into NaN.",Medium,Data Cleaning,Type Conversion,Convert data types safely.
C01,Data Analysis & Manipulation with Python,C01_Q17,FINAL,17,Which snippet reports the number of fully duplicated rows in a DataFrame?,df.drop_duplicates().size,df.unique().count(),df.duplicated().sum(),df.notna().sum(),C,"duplicated() returns a boolean mask over rows and sum() counts the True values, giving the duplicate-row count.",Medium,Data Cleaning,Duplicate Detection,Detect duplicate records.
C01,Data Analysis & Manipulation with Python,C01_Q18,FINAL,18,"The 'state' column mixes 'Bihar ', 'BIHAR' and 'bihar'. Which single pipeline makes the values consistent?",df['state'] = df['state'].str.strip().str.title(),df['state'] = df['state'].str.len(),df['state'] = df['state'].str.upper().str.len(),df['state'] = df['state'].map(hash),A,"str.strip removes surrounding whitespace and str.title() standardises capitalisation, so the three spellings become one form.",Advanced,Data Cleaning,String Normalization,Standardise categorical string values.
C01,Data Analysis & Manipulation with Python,C01_Q19,FINAL,19,How do df.loc and df.iloc differ?,df.loc selects by position; df.iloc selects by label,df.loc selects only columns; df.iloc selects only rows,Both select by position and always return identical results,df.loc selects rows and columns by label; df.iloc selects them by integer position,D,"loc uses row/column labels while iloc uses zero-based integer positions, making indexing behaviour explicit.",Easy,Data Manipulation,Indexing (loc/iloc),Select data using label- and position-based indexing.
C01,Data Analysis & Manipulation with Python,C01_Q20,FINAL,20,Which summary value most strongly flags a likely data-entry problem in the 'income' column?,A count equal to the number of rows,A negative minimum value for income,A median lying between the 25th and 75th percentile,A standard deviation close to zero,B,"Income cannot be negative in official statistics, so a negative minimum strongly indicates a recording or coding error.",Medium,Statistical Analysis,Descriptive Statistics,Identify anomalies from descriptive statistics.
C01,Data Analysis & Manipulation with Python,C01_Q21,FINAL,21,Which command measures the linear association between 'education_years' and 'wage'?,df['education_years'].sum(df['wage']),df['education_years'].mode(df['wage']),df['education_years'].corr(df['wage']),df['education_years'].cumsum(),C,".corr() computes the Pearson correlation coefficient between two columns, measuring their linear association.",Medium,Statistical Analysis,Correlation,Compute association between two numeric variables.
C01,Data Analysis & Manipulation with Python,C01_Q22,FINAL,22,The Pearson correlation between two variables is -0.7. What is the correct interpretation?,"A strong negative linear relationship: as one variable rises, the other tends to fall",A strong positive linear relationship,Almost no relationship between the variables,The first variable causes 70% of the movement in the second,A,"Values near -1 signal a strong negative linear tendency; correlation measures association, not causation.",Advanced,Statistical Analysis,Correlation Interpretation,Interpret correlation coefficients correctly.
C01,Data Analysis & Manipulation with Python,C01_Q23,FINAL,23,"From df['income'].describe(), the median is Rs 22,000 and the 75th percentile is Rs 45,000. The income distribution is most likely:",Left-skewed (negatively skewed),Perfectly symmetric,Uniform across all values,Right-skewed (positively skewed),D,"The upper half of the distribution spans a much wider range than the lower half, indicating a long right tail.",Medium,Statistical Analysis,Distribution Shape,Infer distribution shape from summary statistics.
C01,Data Analysis & Manipulation with Python,C01_Q24,FINAL,24,Which command best reveals unexpected or misspelled categories in the 'occupation' column?,df['occupation'].sum(),df['occupation'].value_counts(),df['occupation'].cummax(),df['occupation'].max(),B,"value_counts() lists every distinct category together with its frequency, exposing stray or misspelled labels.",Easy,Data Validation,Categorical Validation,Validate categorical variables.
C01,Data Analysis & Manipulation with Python,C01_Q25,FINAL,25,What is the most appropriate validation for the 'age' of enumerated household members in a demographic survey?,A check that all ages are different from each other,A check that ages are stored as text,A range check that age lies within the plausible bounds defined for the survey,A check that the ages sum to the population total,C,"Range checks reject impossible values, such as age 250, against the lower and upper limits defined for the survey.",Advanced,Data Validation,Range Checks,Define range checks for numeric variables.
C01,Data Analysis & Manipulation with Python,C01_Q26,FINAL,26,"In a household file, the sum of members listed across relation codes should equal the reported household size. This type of check is called:",A consistency (internal integrity) check,An imputation method,A sampling-design check,An outlier smoothing technique,A,"Consistency checks verify that related fields within a record agree, exposing internal contradictions in the data.",Medium,Data Validation,Consistency Checks,Apply internal consistency checks.
C01,Data Analysis & Manipulation with Python,C01_Q27,FINAL,27,"To create a new column 'age_group' by passing the 'age' value of each row to a function label_age, the idiomatic pandas approach is:",df['age_group'] = label_age(df),"df['age_group'] = df.apply(label_age, result_type='expand')",df['age_group'] = 'label_age(' + df['age'] + ')',df['age_group'] = df['age'].apply(label_age),D,"Series.apply sends each element of the column to the function, element by element, unlike DataFrame.apply which works row- or column-wise.",Medium,Data Transformation,apply() Function,Transform columns using element-wise functions.
C01,Data Analysis & Manipulation with Python,C01_Q28,FINAL,28,"After a left merge, the resulting table has MORE rows than the household file. What is the most likely cause?",The household file has missing values in the village column,The village file contains more than one row for at least one village code,The merge used how='right' on a different key,dropna was applied before merging,B,"A many-to-one key on the right side duplicates each matching household row once per village record, inflating the row count.",Advanced,Data Transformation,Merge Diagnostics,Diagnose unexpected row counts after merges.
C01,Data Analysis & Manipulation with Python,C01_Q29,FINAL,29,Why must the sampling multipliers (weights) provided with large-scale official household surveys be applied during analysis?,They convert every variable to its numeric form,They reduce the size of the dataset for analysis,They make estimates representative of the target population by accounting for selection probabilities,They automatically delete missing observations,C,"Weights are the inverse of selection probabilities, scaling sample records so they correctly represent the full population.",Medium,Statistical Analysis,Survey Weights,Explain the role of survey weights.
C01,Data Analysis & Manipulation with Python,C01_Q30,FINAL,30,The unweighted mean income differs noticeably from the weighted mean in a household survey. What does this indicate?,"The sample is not self-weighting, so weights adjust for differential selection probabilities across groups",The data contain duplicate records that must be removed,The income variable is missing for most households,The weighted estimate is always unreliable and the unweighted one is final,A,Different selection probabilities across strata make the unweighted mean unrepresentative until weights are applied.,Advanced,Statistical Analysis,Weighted vs Unweighted Estimates,Interpret differences between weighted and unweighted estimates.
C02,Statistical Survey Methodology & Sample Design,C02_Q01,INITIAL,1,"In survey methodology, the complete set of units about which information is required is called the:",Sample of eligible units,Sampling frame,Enumeration block,Target population (universe),D,The target population is the entire group the survey aims to describe; the sample is a subset drawn from it.,Easy,Survey Fundamentals,Population & Sample,Define population and sample.
C02,Statistical Survey Methodology & Sample Design,C02_Q02,INITIAL,2,Which of the following best defines a sampling frame?,The set of questions asked in the interview,The list of units from which the sample is actually selected,The budget sanctioned for the survey,The final tabulated results of the survey,B,"The frame lists all population units eligible for selection, such as a household list, and is the basis for sampling.",Easy,Survey Fundamentals,Sampling Frame,Define the sampling frame.
C02,Statistical Survey Methodology & Sample Design,C02_Q03,INITIAL,3,When does a procedure qualify as simple random sampling (SRS)?,Units are chosen because they are easy to reach,Every 10th unit is picked from a list,Every distinct unit has an equal and known chance of selection,Only experts select the units they judge typical,C,SRS gives every unit an equal and known probability of selection and is the reference probability design.,Medium,Sampling Design,Simple Random Sampling,Explain the conditions for simple random sampling.
C02,Statistical Survey Methodology & Sample Design,C02_Q04,INITIAL,4,Why would a national household survey be stratified by State before sample selection?,To guarantee representation across States and to improve precision through controlled allocation,To shorten the questionnaire used in the field,To eliminate all interviewer errors,To let respondents answer anonymously by State,A,Stratification guarantees every State contributes units and can reduce sampling variance for key estimates.,Medium,Sampling Design,Stratified Sampling,Explain the purpose of stratification.
C02,Statistical Survey Methodology & Sample Design,C02_Q05,INITIAL,5,Which statement correctly distinguishes sampling error from non-sampling error?,Non-sampling error disappears when the sample is enlarged; sampling error never changes,Sampling error is caused only by respondents giving false answers,The two errors are always exactly equal in size,"Sampling error arises from the random selection of a sample and can be estimated, while non-sampling error arises from measurement, coverage and processing problems and is not removed simply by design",D,"Random sampling error is quantifiable from the design, whereas non-sampling errors persist regardless of sample size.",Advanced,Sampling Error,Types of Errors,Differentiate sampling and non-sampling error.
C02,Statistical Survey Methodology & Sample Design,C02_Q06,FINAL,6,"A statistician lists all 40,000 households in a town and selects 100 using a table of random numbers. This design is:",Stratified random sampling,Simple random sampling,Cluster sampling,Convenience sampling,B,Selecting directly from the full household list with random numbers satisfies the definition of simple random sampling.,Easy,Sampling Design,Simple Random Sampling,Identify simple random sampling in practice.
C02,Statistical Survey Methodology & Sample Design,C02_Q07,FINAL,7,"Compared with a complete census, a scientifically designed sample survey generally:",Is always more accurate than the census under every condition,Produces exact population figures with zero error,Is faster and cheaper while providing adequate accuracy for most purposes,Does not require any sampling frame,C,"A well-designed sample offers timely, cost-effective estimates with measurable precision, though it carries sampling error.",Easy,Survey Fundamentals,Census vs Sample,Compare census and sample surveys.
C02,Statistical Survey Methodology & Sample Design,C02_Q08,FINAL,8,A village list ordered by household address is sampled by taking every 20th household from a random start. What is the main risk to watch for?,Hidden periodicity in the ordering could coincide with the sampling interval and bias the sample,The method produces no sampling error whatsoever,The sample can never be representative under any condition,The sampling frame is unnecessary for this design,A,Regularly repeated patterns in the frame that align with the interval can make systematic samples unrepresentative.,Medium,Sampling Design,Systematic Sampling,Identify risks of systematic sampling.
C02,Statistical Survey Methodology & Sample Design,C02_Q09,FINAL,9,"In proportional allocation of a stratified sample, the number of units drawn from a stratum is:",Equal to the number drawn from every other stratum,Fixed at one unit per stratum regardless of size,Set by the interviewer's convenience,Proportional to the stratum's size in the population,D,"Proportional allocation reproduces population shares in the sample, producing a self-weighting design.",Medium,Sampling Design,Stratified Allocation,Describe proportional allocation in stratified sampling.
C02,Statistical Survey Methodology & Sample Design,C02_Q10,FINAL,10,Why do large official surveys often use cluster sampling (selecting villages and enumerating them fully) rather than SRS of households?,It eliminates interviewer and measurement error completely,Clustering cuts travel costs and simplifies fieldwork while still using probability selection,It requires a complete national list of every individual,It gives each household a zero chance of selection,B,"Clusters concentrate fieldwork within selected areas, reducing cost at the price of a higher design effect.",Medium,Sampling Design,Cluster Sampling,Explain the rationale for cluster sampling.
C02,Statistical Survey Methodology & Sample Design,C02_Q11,FINAL,11,Which statement captures the fundamental difference between stratified and cluster sampling?,Cluster sampling selects units uniformly across the whole frame; stratified sampling never does,The two methods are identical and yield the same variance always,In stratified sampling every stratum contributes units; in cluster sampling only the selected clusters are enumerated,Stratified sampling is used only for censuses,C,"Stratification guarantees representation in all groups, whereas cluster sampling restricts enumeration to chosen natural groups.",Advanced,Sampling Design,Stratification vs Clustering,Contrast stratified and cluster designs.
C02,Statistical Survey Methodology & Sample Design,C02_Q12,FINAL,12,"All else being equal, reducing the required margin of error means the sample size must:",Increase,Decrease,Remain unchanged,Be replaced by the number of districts alone,A,"Precision rises with sample size, so achieving a smaller margin of error requires a larger sample.",Easy,Sample Size & Estimation,Sample Size,Relate margin of error to sample size.
C02,Statistical Survey Methodology & Sample Design,C02_Q13,FINAL,13,Roughly how many times larger must the sample size become to HALVE the standard error of an SRS estimate?,Twice larger,Ten times larger,Half the original size,Four times larger,D,"Standard error is inversely proportional to the square root of the sample size, so halving it needs about a fourfold increase.",Advanced,Sample Size & Estimation,Sample Size Calculation,Compute how sample size affects precision.
C02,Statistical Survey Methodology & Sample Design,C02_Q14,FINAL,14,The sampling frame omits households in informal/slum settlements of a town. The resulting estimates will suffer mainly from:,A pure random sampling error that formulas correctly estimate,"Under-coverage of the frame, a non-sampling (coverage) error",Higher precision with no bias at all,No effect as long as the sample is large,B,A frame that misses population units biases estimates in a way that sampling-variance formulas cannot reflect.,Medium,Non-sampling Error,Coverage Error,Identify frame under-coverage.
C02,Statistical Survey Methodology & Sample Design,C02_Q15,FINAL,15,"In India's large-scale household surveys (e.g., NSS style), villages are selected in an earlier stage and households within them later. This is called:",Quota sampling,Snowball sampling,Multistage sampling,Single-stage systematic sampling with a national household list,C,"Multistage designs sample progressively smaller units, first villages and then households within them, without a national household list.",Medium,Sampling Design,Multistage Design,Describe multistage survey designs.
C02,Statistical Survey Methodology & Sample Design,C02_Q16,FINAL,16,"In selection of villages with probability proportional to size (PPS) using village population, which statement is correct?","Larger villages have higher selection chances, and weights correct the resulting over-/under-selection",All villages receive exactly equal selection probability,Larger villages are excluded from selection,Selected villages are never weighted in estimation,A,PPS draws large villages more often; applying inverse-probability weights keeps the estimates unbiased.,Advanced,Sampling Design,PPS Sampling,Explain probability-proportional-to-size selection.
C02,Statistical Survey Methodology & Sample Design,C02_Q17,FINAL,17,"From 400 sampled households, mean monthly expenditure is Rs 9,000. The estimated total monthly expenditure of the 20,000-household population is:","Rs 9,000","Rs 20,000","Rs 72,000,000","Rs 180,000,000 (Rs 9,000 x 20,000)",D,"The population total is estimated by scaling the sample mean up by the population size (9,000 x 20,000).",Easy,Sample Size & Estimation,Estimation of Totals,Estimate population totals from a sample mean.
C02,Statistical Survey Methodology & Sample Design,C02_Q18,FINAL,18,"For a fixed sampling design, the standard error of a survey estimate chiefly depends on:",The mode of the sample distribution alone,Sample size and the variability of the characteristic in the population,Only the sample mean value,The number of hours spent in the field per interviewer,B,The estimator's variance falls with more observations and rises with greater population variability.,Advanced,Sampling Error,Standard Error,Explain determinants of standard error.
C02,Statistical Survey Methodology & Sample Design,C02_Q19,FINAL,19,"A 95% confidence interval for mean income is Rs 18,000 to Rs 22,000. The correct interpretation is:",95% of all incomes in the population lie inside this interval,"The true mean equals Rs 20,000 exactly and certainly","The procedure, if repeated on many samples, will contain the population mean about 95% of the time",95% of the sampled values fall inside the interval,C,Confidence intervals describe the long-run coverage of the estimation procedure for the unknown population value.,Medium,Sampling Error,Confidence Intervals,Interpret a confidence interval correctly.
C02,Statistical Survey Methodology & Sample Design,C02_Q20,FINAL,20,Which item below is a non-sampling error?,Respondents misremembering and giving wrong answers,Chance differences among randomly selected samples,The computation of the standard error by formula,The effect of increasing sample size,A,Recall and response mistakes are measurement errors that do not arise from random sample selection.,Medium,Non-sampling Error,Non-sampling Error Sources,Identify a non-sampling error.
C02,Statistical Survey Methodology & Sample Design,C02_Q21,FINAL,21,Many respondents report last year's income-tax figure instead of current household income. This is best classified as:,Sampling error,Frame under-coverage,A simple widening of the sampling variance,Measurement (response) error,D,"The recorded value differs from the true value, which is a response-based measurement error.",Medium,Non-sampling Error,Measurement Error,Classify sources of measurement error.
C02,Statistical Survey Methodology & Sample Design,C02_Q22,FINAL,22,"If 30% of selected households refuse to participate, the chief danger for the survey estimates is:",Complete failure of the standard error formula under all designs,Non-response bias when refusers differ systematically from respondents,Loss of all records collected from other households,A guaranteed increase in precision,B,Refusals bias results when the missing households differ systematically from those that responded.,Advanced,Non-sampling Error,Non-response,Assess the impact of non-response.
C02,Statistical Survey Methodology & Sample Design,C02_Q23,FINAL,23,Which questionnaire feature most reduces measurement error?,Long double-barrelled questions covering many ideas at once,Leading questions worded to encourage a favourable answer,"Clear, single-concept questions with simple response options and a defined reference period",Ambiguous response categories such as 'sometimes or often',C,"Short, precise and unambiguous items minimise respondent misinterpretation and recall error.",Medium,Survey Design & Data Collection,Questionnaire Design,Apply questionnaire design best practice.
C02,Statistical Survey Methodology & Sample Design,C02_Q24,FINAL,24,The main purpose of piloting (pre-testing) a survey questionnaire is to:,"Detect wording, flow and logistics problems before the main fieldwork begins",Produce the final official estimates straight away,Replace the main survey entirely,Determine the budget without any further testing,A,Pilots reveal comprehension and operational problems so they can be corrected early and cheaply.,Medium,Survey Design & Data Collection,Pilot Testing,Explain the purpose of pilot testing.
C02,Statistical Survey Methodology & Sample Design,C02_Q25,FINAL,25,Which practice is an effective field quality-control measure during data collection?,Field staff omit refusal records silently to meet targets,All interviews are accepted without any verification,The questionnaire is revised daily during the main survey,Supervisors back-check a subsample of completed interviews with selected respondents,D,Independent back-checks verify that interviews genuinely occurred and that responses are consistent.,Advanced,Survey Design & Data Collection,Field Quality Control,Design field verification procedures.
C02,Statistical Survey Methodology & Sample Design,C02_Q26,FINAL,26,"To obtain reliable estimates for a rare group while controlling cost, the most practical approach is:",Rely on equal-probability sampling regardless of the group's rarity,Oversample or list-frame the rare group and account for it through weights,Drop the rare group from the survey entirely,Enlarge cluster size without changing anything else,B,Enriching the rare group's inclusion and weighting afterwards preserves both accuracy and cost.,Advanced,Sampling Design,Rare Population Sampling,Design samples for rare populations.
C02,Statistical Survey Methodology & Sample Design,C02_Q27,FINAL,27,"In a national survey, each selected household is given a multiplier (weight). The weight mainly serves to:",Hide the missing values in the data,Convert all variables into percentages,"Raise sample observations to represent the full population, respecting selection probabilities",Replace interviewer judgement in the field,C,Weights scale each record by the inverse of its selection probability so estimates match the population.,Medium,Sample Size & Estimation,Survey Weights,Explain the function of survey weights.
C02,Statistical Survey Methodology & Sample Design,C02_Q28,FINAL,28,A clustered design has a design effect (DEFF) of 2.0 for an indicator. This implies:,The variance is doubled: about twice the sample of an SRS is needed for equal precision,The estimate is exactly double the population value,The sample should be halved to improve accuracy,Cluster sampling has no sampling error,A,The design effect is the ratio of the cluster design variance to an SRS variance; a value of 2 means double the variance.,Advanced,Sampling Error,Design Effect,Interpret the design effect.
C02,Statistical Survey Methodology & Sample Design,C02_Q29,FINAL,29,A list of enterprises maintained for an MSME survey is best described as a:,Questionnaire item,Probability distribution,Sampling frame (list frame) for the survey,Census schedule used in all surveys,C,Business registers provide the list of units from which enterprise samples are drawn.,Easy,Survey Fundamentals,Business Register,Recognise list frames in business surveys.
C02,Statistical Survey Methodology & Sample Design,C02_Q30,FINAL,30,An agency must publish the unemployment rate with acceptable reliability for EACH State. The appropriate strategy is to:,Stratify by State and allocate the sample to attain the required precision for each state/domain,Select one district per State with equal probability and no allocation,"Publish only the national figure, ignoring State-level requirements",Rely on voluntary online responses without probability selection,A,Allocation targets sample sizes to the reliability that each State-level estimate demands.,Advanced,Survey Design & Data Collection,Sample Allocation,Apply sample allocation to satisfy domain estimates.
C03,National Accounts Compilation & SNA 2008 Framework,C03_Q01,INITIAL,1,A nation's Gross Domestic Product (GDP) for a year is best defined as:,The total value of all goods exported during the year,The total tax revenue collected by the government,The market value of all final goods and services produced within the domestic territory during that year,The sum of all wholesale price index numbers posted during the year,C,GDP measures the market value of final output produced inside a country's territory in a given period.,Easy,National Accounts Concepts,GDP Definition,Define GDP.
C03,National Accounts Compilation & SNA 2008 Framework,C03_Q02,INITIAL,2,"In SNA-based national accounts, how is GDP at market prices related to GVA at basic prices?",GDP at market prices = GVA at basic prices + taxes on products - subsidies on products,GDP at market prices = GVA at basic prices - depreciation,GDP at market prices = GVA at basic prices + depreciation only,GDP at market prices and GVA at basic prices are the same by definition,A,Moving from basic to market prices adds taxes on products net of subsidies on products.,Easy,National Accounts Concepts,GVA-GDP Relationship,Relate GVA and GDP.
C03,National Accounts Compilation & SNA 2008 Framework,C03_Q03,INITIAL,3,The three approaches used to measure national output and income are:,"Supply, demand and inventory approaches","Public, private and household approaches","Fiscal, monetary and trade approaches","Production, expenditure and income approaches",D,"Production, expenditure and income approaches measure the same GDP from different sides of the economy.",Medium,National Accounts Concepts,Measurement Approaches,Identify the three measurement approaches.
C03,National Accounts Compilation & SNA 2008 Framework,C03_Q04,INITIAL,4,GDP estimates expressed in 'constant prices' are compiled in order to:,Reflect the newest tax rates in the current year only,Remove the effect of price changes so that real quantities can be compared across time,Express everything in foreign currency units,Adjust figures for population change alone,B,"Constant-price (real) series value output at base-year prices, isolating volume movements over time.",Medium,Current vs Constant Prices,Constant Price Estimates,Explain the purpose of constant price estimates.
C03,National Accounts Compilation & SNA 2008 Framework,C03_Q05,INITIAL,5,"Under the SNA 2008 framework, which of the following is recognised as capital formation rather than intermediate consumption?",Purchase of raw materials for current production,Wages paid to temporary office staff,Expenditure on research and development that yields lasting economic benefit,Consumption of stationery and printing supplies,C,"SNA 2008 capitalised research and development as gross fixed capital formation, treating it as investment in knowledge.",Advanced,National Accounts Concepts,SNA 2008 Framework,Recognise SNA 2008 capitalisation changes.
C03,National Accounts Compilation & SNA 2008 Framework,C03_Q06,FINAL,6,Which of the following would be counted directly as final output in the production-side measurement of GDP?,A newly manufactured car sold to a household,Steel purchased by an automobile factory,Cotton procured by a textile mill,Diesel bought for a courier company's delivery fleet,A,"Goods sold to households are final output, whereas goods consumed within production are intermediate inputs.",Easy,Production Approach,Final vs Intermediate Goods,Classify final and intermediate goods.
C03,National Accounts Compilation & SNA 2008 Framework,C03_Q07,FINAL,7,Nominal GDP is Rs 200 lakh crore and real GDP (base-year prices) is Rs 160 lakh crore. The GDP deflator equals:,80,1.25,100,125,D,"The deflator is (nominal/real) x 100 = (200/160) x 100 = 125, meaning prices are about 25% above the base year.",Medium,Current vs Constant Prices,GDP Deflator,Compute the GDP deflator.
C03,National Accounts Compilation & SNA 2008 Framework,C03_Q08,FINAL,8,Which set correctly lists the components of expenditure-based GDP?,Compensation of employees + operating surplus + rent only,Private final consumption + government final consumption + gross capital formation + net exports,GVA at basic prices + subsidies only,Investment + savings + interest payments only,B,"The expenditure identity sums consumption, investment-like gross capital formation and net exports.",Medium,Expenditure Approach,Expenditure Components,List components of expenditure GDP.
C03,National Accounts Compilation & SNA 2008 Framework,C03_Q09,FINAL,9,"The income approach to GDP includes compensation of employees, gross operating surplus, mixed income and:",Government market borrowing,Household savings only,Net taxes on production and imports (taxes less subsidies),Foreign exchange reserves,C,Net taxes on production and imports bridge factor incomes to GDP at market prices.,Medium,Income Approach,Income Components,Describe the income approach.
C03,National Accounts Compilation & SNA 2008 Framework,C03_Q10,FINAL,10,Which of the following is NOT a separate institutional sector in the SNA classification?,The informal sector as a standalone institutional sector,Non-financial corporations,General government,Households,A,The SNA classifies units into five sectors; informal units belong to them according to ownership rather than forming a sixth sector.,Medium,Institutional Sectors,Institutional Sector Classification,Identify SNA institutional sectors.
C03,National Accounts Compilation & SNA 2008 Framework,C03_Q11,FINAL,11,A notable conceptual change introduced by SNA 2008 compared with SNA 1993 is:,Removing the general government sector from the accounts,Treating all household purchases exclusively as intermediate consumption,Abolishing the concept of gross domestic product,Capitalising research and development as fixed capital formation,D,"SNA 2008 reclassified R&D expenditure as investment, raising measured capital formation.",Advanced,National Accounts Concepts,SNA 2008 Changes,Recognise SNA 2008 conceptual changes.
C03,National Accounts Compilation & SNA 2008 Framework,C03_Q12,FINAL,12,The primary role of Supply and Use Tables (SUT) in national accounts compilation is to:,List the population of each State accurately,"Balance the supply and use of every product across industries, improving internal consistency of the accounts",Replace the household consumption schedule entirely,Provide only the export price of commodities,B,"SUTs confront product supply with product use, producing consistent industry and product estimates.",Medium,Supply-Use Tables,Supply-Use Framework,Explain the role of supply-use tables.
C03,National Accounts Compilation & SNA 2008 Framework,C03_Q13,FINAL,13,"For a balanced supply-use table, the relationship that must hold for each product is:",Total supply = imports only,Total use = gross saving only,Total supply = total use (intermediate use + final use + exports),Supply equals the value of fixed assets sold,C,Equality of total supply and total use for each product is the accounting identity the table must satisfy.,Advanced,Supply-Use Tables,Supply-Use Balancing,State the supply-use balancing identity.
C03,National Accounts Compilation & SNA 2008 Framework,C03_Q14,FINAL,14,"Under the production approach, the GVA of the agriculture sector is measured as:",Value of output at producers' prices minus intermediate consumption,Total area sown multiplied by the average land price,Total GST collections from agricultural trade,The number of cultivators multiplied by their income-tax rate,A,"GVA equals the value of output less the inputs consumed in producing it, measured at appropriate prices.",Medium,Production Approach,Sectoral GVA Estimation,Apply the production approach to a sector.
C03,National Accounts Compilation & SNA 2008 Framework,C03_Q15,FINAL,15,"To compile annual national accounts from scattered administrative and survey sources, the NSO typically:",Uses stock-market indices as the sole basis,Relies exclusively on foreign statistical agencies,Takes the population census as the final GDP figure,Reconciles multiple source datasets within an accounting framework using benchmark and extrapolation methods,D,"Source data are benchmarked, extrapolated and balanced within the SNA framework to compile consistent estimates.",Medium,Compilation Methods,Compilation Practices,Describe compilation practices.
C03,National Accounts Compilation & SNA 2008 Framework,C03_Q16,FINAL,16,Why does the national statistical office periodically rebase the national accounts to a new base year?,To ensure GDP is smaller in every subsequent release,To update reference prices and sectoral weights so the structure reflects the current economy,Because a base change is compulsory every single year,To make the exchange rate adjust automatically,B,"An outdated base structure misweights fast-growing sectors, so rebasing restores representativeness.",Advanced,Compilation Methods,Base Year Revision,Explain the rationale for base year revision.
C03,National Accounts Compilation & SNA 2008 Framework,C03_Q17,FINAL,17,"To convert the current-price GVA of a sector into constant (base-year) prices by single deflation, the compiler:",Multiplies current values by the consumer price index,Adds the foreign-exchange rate,Divides current values by an appropriate sectoral price index,Subtracts the population growth rate,C,Single deflation applies one appropriate price index to remove price change from a current-value series.,Medium,Current vs Constant Prices,Deflation Methods,Deflate values to constant prices.
C03,National Accounts Compilation & SNA 2008 Framework,C03_Q18,FINAL,18,Nominal GDP grows by 10% while real GDP grows by 6% during a year. The difference most likely reflects:,A price increase of about 4% during the year,A fall in the price level of about 4%,Population growth of 10% during the year,An increase in exports alone,A,"Nominal growth equals real growth plus the deflator, so the gap approximates the price increase.",Medium,Current vs Constant Prices,Real vs Nominal Growth,Interpret nominal and real growth.
C03,National Accounts Compilation & SNA 2008 Framework,C03_Q19,FINAL,19,Which statement describes double deflation when estimating industry-level GVA in constant prices?,Deflating GDP twice using the same deflator,Using two different base years at once,Adding two price indices together,Deflating output and intermediate consumption separately with sector-appropriate price indices before subtraction,D,"Double deflation removes price change from output and inputs separately, tracking real value added.",Advanced,Compilation Methods,Double Deflation,Explain double deflation.
C03,National Accounts Compilation & SNA 2008 Framework,C03_Q20,FINAL,20,Gross fixed capital formation (GFCF) in the national accounts refers to:,Household purchase of consumer goods and services,"Additions to fixed assets such as dwellings, buildings, machinery and equipment",Payment of wages and salaries by the government,Purchase of stationary inputs by firms,B,GFCF captures net additions to reproducible fixed assets that are used repeatedly in production.,Easy,Expenditure Approach,Gross Fixed Capital Formation,Define gross fixed capital formation.
C03,National Accounts Compilation & SNA 2008 Framework,C03_Q21,FINAL,21,Which of the following makes up final consumption expenditure in the accounts?,Private investment plus exports,Intermediate consumption of enterprises,Household final consumption expenditure plus government final consumption expenditure,Subsidies and transfers only,C,Final consumption combines the spending of households and general government on goods and services.,Easy,Expenditure Approach,Final Consumption,Identify final consumption components.
C03,National Accounts Compilation & SNA 2008 Framework,C03_Q22,FINAL,22,"In the expenditure approach, exports of goods and services enter the identity because:","They add value produced domestically but consumed abroad, while imports are subtracted to remove foreign output from domestic spending",They represent the government's fiscal deficit,They are counted only under the income approach,They replace gross capital formation entirely,A,Net exports (exports minus imports) convert domestic expenditure into GDP by adjusting for foreign trade.,Easy,Expenditure Approach,Net Exports,Explain the role of net exports.
C03,National Accounts Compilation & SNA 2008 Framework,C03_Q23,FINAL,23,How does the SNA treat the output of owner-occupied dwellings?,It excludes housing services from GDP entirely,It records only the resale price of houses when sold,It records only repair expenses as output,It imputes the rental value of the dwellings as production of housing services,D,Imputed rents bring housing services of owners and renters onto a comparable footing in the accounts.,Advanced,Institutional Sectors,Owner-Occupied Dwellings,Explain imputation for owner-occupied housing.
C03,National Accounts Compilation & SNA 2008 Framework,C03_Q24,FINAL,24,"The net income of small unincorporated enterprises operated by households (e.g., street vendors) is recorded in the accounts as:",Corporate operating surplus,Mixed income,Current transfer income,Capital gains of the household,B,Mixed income combines the labour and capital returns of own-account entrepreneurs in one category.,Easy,Income Approach,Mixed Income,Identify mixed income.
C03,National Accounts Compilation & SNA 2008 Framework,C03_Q25,FINAL,25,Gross National Income (GNI) differs from GDP because GNI:,Excludes exports of goods entirely,Equals GDP less total government spending,Adds net primary income received from the rest of the world and subtracts net primary income paid abroad,Is measured only in foreign currency,C,GNI is GDP adjusted for net primary income flows with the rest of the world.,Advanced,National Accounts Concepts,GNI vs GDP,Distinguish GDP and GNI.
C03,National Accounts Compilation & SNA 2008 Framework,C03_Q26,FINAL,26,"In the SNA, product taxes net of product subsidies explain the difference between:",GVA at basic prices and GDP at market prices,GDP and GNI,Gross and net capital formation,Consumer and producer price indices,A,Adding net product taxes to basic-price GVA converts it into market-price GDP.,Medium,National Accounts Concepts,Basic-to-Market Price Adjustment,Apply basic-to-market price adjustment.
C03,National Accounts Compilation & SNA 2008 Framework,C03_Q27,FINAL,27,A media note claims GDP growth jumped from 9% to 12% just as the accounts were rebased to a new base year. The careful analyst will:,Report the 12% as final without verification,Assume the jump is entirely fabricated,Check whether the growth comparison is consistent across the old and new base-year series before reporting the change,Ignore the base year because it never influences growth,C,"Changing base-year price structure can alter measured growth, so consistency across series must be checked.",Medium,Compilation Methods,Interpretation Across Base Years,Interpret growth across base-year changes.
C03,National Accounts Compilation & SNA 2008 Framework,C03_Q28,FINAL,28,"In the SNA, the identity connecting these concepts at the whole-economy level is:",Gross saving = gross capital formation + net lending/borrowing to the rest of the world,Gross saving = government revenue alone,Gross capital formation = exports + imports,Gross saving = final consumption expenditure,A,"Saving finances investment plus the net external balance, an identity that reconciles these flows.",Advanced,National Accounts Concepts,Saving-Investment Identity,State the saving-investment identity.
C03,National Accounts Compilation & SNA 2008 Framework,C03_Q29,FINAL,29,"For estimating the GVA of the private corporate sector in India, the most important source data are:",Household consumption expenditure alone,Agricultural crop statistics alone,Foreign trade statistics only,Annual accounts/financial statements of companies balanced with production- and trade-based indicators,D,"Company annual accounts underpin corporate GVA, supplemented by surveys and other administrative sources.",Medium,Compilation Methods,Data Sources,Identify data sources for corporate GVA.
C03,National Accounts Compilation & SNA 2008 Framework,C03_Q30,FINAL,30,"In a year, services GVA grows 7%, agriculture 2%, and overall GDP growth is 6%. The correct reading is:",Agriculture grew faster than services,"Services contributed substantially to growth, since the aggregate reflects the sectoral weights of the economy",GDP equals services GVA alone,The figures are inconsistent and must be rejected,B,"Total growth is a weighted combination of sectoral growths, so the large services share dominates the aggregate.",Advanced,National Accounts Concepts,Sectoral Growth Interpretation,Interpret sectoral contributions to growth.
C04,Monitoring Sustainable Development Goals (SDGs),C04_Q01,INITIAL,1,The Sustainable Development Goals (SDGs) were adopted by member States under which agenda?,The Paris Climate Accord only,The Millennium Declaration of 2000,The Bretton Woods Agreement,The 2030 Agenda for Sustainable Development,D,The 17 SDGs with 169 targets were adopted in 2015 within the 2030 Agenda for Sustainable Development.,Easy,SDG Framework,SDG Origins,Describe the origin of the SDGs.
C04,Monitoring Sustainable Development Goals (SDGs),C04_Q02,INITIAL,2,The National Indicator Framework (NIF) for SDGs in India serves mainly to:,Set annual interest rates for government bonds,Provide a set of national indicators to track data for monitoring the SDGs,Replace the Census of India,Define India's import tariffs,B,The NIF lists the indicators through which India monitors SDG progress at national and State levels.,Easy,SDG Framework,National Indicator Framework,Define the National Indicator Framework.
C04,Monitoring Sustainable Development Goals (SDGs),C04_Q03,INITIAL,3,Arrange the SDG architecture from broadest to most specific.,Indicators are broad; they contain goals; targets measure them,All three are identical in coverage and scope,Goals are broad aspirations; each goal has measurable targets; indicators measure progress against targets,"Targets contain goals, which contain indicators",C,"The framework nests 17 goals, 169 targets and indicators that quantify progress against the targets.",Medium,SDG Framework,Goal-Target-Indicator Hierarchy,Explain the SDG goal-target-indicator hierarchy.
C04,Monitoring Sustainable Development Goals (SDGs),C04_Q04,INITIAL,4,"In SDG monitoring, a 'baseline value' is:","The value of an indicator at the starting reference year, from which progress towards the target is measured",The highest value the indicator has ever reached,The target the country must achieve by 2030,The value reported by other countries for comparison,A,The baseline anchors the starting point of an indicator so change up to the target year can be measured.,Medium,Monitoring & Evaluation,Baseline Values,Define a baseline value.
C04,Monitoring Sustainable Development Goals (SDGs),C04_Q05,INITIAL,5,"Why is disaggregation (e.g., by sex, rural/urban, age group) essential to SDG monitoring?",It reduces the number of indicators to be monitored,It is needed only for financial reporting,It removes the need for a baseline value,Averages can hide unequal progress; disaggregation reveals which groups are being left behind,D,The leave-no-one-behind principle makes disaggregation crucial for assessing who is being left behind.,Advanced,Monitoring & Evaluation,Disaggregation,Explain the importance of disaggregated data.
C04,Monitoring Sustainable Development Goals (SDGs),C04_Q06,FINAL,6,How many SDGs and associated global targets constitute the 2030 Agenda?,8 goals and 21 targets,17 goals and 169 targets,19 goals and 300 targets,10 goals and 100 targets,B,The framework comprises 17 goals and 169 targets measured through a set of global indicators.,Easy,SDG Framework,Number of SDGs,State the number of goals and targets.
C04,Monitoring Sustainable Development Goals (SDGs),C04_Q07,FINAL,7,What distinguishes an SDG target from an SDG indicator?,A target is measured; an indicator is a policy goal,They are interchangeable terms,"A target is a desired outcome to be achieved, while an indicator is a measure used to track progress towards it",An indicator states the desired outcome; a target quantifies price changes,C,Targets set the ambition and indicators operationalise the measurement of progress toward it.,Easy,SDG Framework,Targets vs Indicators,Differentiate targets and indicators.
C04,Monitoring Sustainable Development Goals (SDGs),C04_Q08,FINAL,8,"Why is indicator metadata (definitions, sources and methodology) essential for an SDG dashboard?","It lets users interpret values consistently, trace sources and compare series across time and states",It replaces the need for the underlying data,It is only required for foreign aid reporting,It shortens the official data collection period,A,"Metadata document how indicators are defined and produced, enabling correct interpretation and comparison.",Medium,Indicator Management,Metadata,Explain the role of SDG metadata.
C04,Monitoring Sustainable Development Goals (SDGs),C04_Q09,FINAL,9,Official SDG indicators in India are primarily reported through data produced by:,Commercial rating agencies alone,Social-media sentiment analysis,Independent private surveys without official validation,"National statistical agencies and line ministries using censuses, surveys and administrative records",D,"The official statistical system supplies censuses, surveys and administrative data for national SDG indicators.",Easy,Data Flows & Sources,Official Data Sources,Identify official SDG data sources.
C04,Monitoring Sustainable Development Goals (SDGs),C04_Q10,FINAL,10,Which best reflects the purpose of monitoring an SDG indicator over time?,Producing a single snapshot with no time dimension,Tracking changes to assess whether progress is on pace with the target trajectory,Deleting historical series after each update,Guaranteeing that every indicator improves automatically,B,Monitoring is repeated measurement over time that judges the pace toward the target trajectory.,Medium,Monitoring & Evaluation,Time-Series Monitoring,Describe the purpose of time-series monitoring.
C04,Monitoring Sustainable Development Goals (SDGs),C04_Q11,FINAL,11,"An indicator must move from a baseline of 20% to a target of 0% over 10 years. If the value after 5 years is 12%, the share of the required reduction already achieved is:",50%,20%,40%,60%,C,"Required reduction is 20 points; achieved is 8 points, so (8/20) x 100 = 40% of the required movement.",Advanced,Monitoring & Evaluation,Progress Computation,Compute progress towards an SDG target.
C04,Monitoring Sustainable Development Goals (SDGs),C04_Q12,FINAL,12,An SDG dashboard shows an indicator's latest value lying ABOVE its 2030 target line. What is the most correct inference?,"The target has been achieved, provided the series, metadata and direction of the indicator are correctly defined",The dashboard is certainly faulty,The government must raise the target retroactively,Monitoring should stop because the task is over,A,Crossing the target line signals achievement if the indicator's direction and definitions are correct.,Medium,Monitoring & Evaluation,Target Interpretation,Interpret indicator values against target lines.
C04,Monitoring Sustainable Development Goals (SDGs),C04_Q13,FINAL,13,State-level SDG reporting is especially important in India because:,Only States are responsible for international reporting,National averages are disallowed by the UN,State estimates require no survey data,"Targets must be reached for every State/UT, not only on the national average",D,Sub-national reporting is essential because national averages can mask State disparities.,Medium,State-level Reporting,SDG Localisation,Explain the need for state-level reporting.
C04,Monitoring Sustainable Development Goals (SDGs),C04_Q14,FINAL,14,A required SDG indicator has no reliable official data for the reporting year. The best practice response is:,Withhold all SDG reporting until the exact figure exists,"Report the closest official proxy or previous reliable value with clear metadata, and plan data improvements",Invent an estimate from internet sources,Remove the indicator from the national list permanently,B,Gap management uses documented proxies with clear metadata while data systems are strengthened.,Advanced,Data Gaps & Management,Data Gap Handling,Manage data gaps in SDG reporting.
C04,Monitoring Sustainable Development Goals (SDGs),C04_Q15,FINAL,15,Comparing an administrative source with a household survey for the same indicator is most useful for:,Discarding both sources permanently,Increasing questionnaire length,Cross-validating the indicator and understanding deviations between data sources,Skipping the metadata process,C,Triangulating sources reveals measurement differences and supports quality assessment.,Medium,Data Flows & Sources,Data Source Comparison,Compare administrative and survey data.
C04,Monitoring Sustainable Development Goals (SDGs),C04_Q16,FINAL,16,"When an official measure for access to clean cooking fuel is unavailable, a defensible statistical practice is to:",Use a well-defined proxy reported by a major official survey and note the difference in metadata,Drop the Goal entirely from national monitoring,Use an export price as the official figure,Declare the target infeasible without measurement,A,Documented proxies inform policy while the official indicator is developed.,Advanced,Indicator Management,Proxy Indicators,Select suitable proxy indicators.
C04,Monitoring Sustainable Development Goals (SDGs),C04_Q17,FINAL,17,"In India's SDG monitoring architecture, coordination of the National Indicator Framework rests primarily with:",The Reserve Bank of India alone,State election commissions,The Income Tax department,MoSPI in coordination with NITI Aayog and line ministries,D,"MoSPI coordinates official statistics for the NIF, while NITI Aayog drives State-level SDG performance and ranking.",Medium,Data Flows & Sources,Institutional Arrangements,Describe institutional arrangements for SDG monitoring.
C04,Monitoring Sustainable Development Goals (SDGs),C04_Q18,FINAL,18,An SDG data portal/dashboard mainly serves to:,Replace the national statistical offices,Make official indicator data accessible and interpretable to policymakers and the public,Store data that is never published,Serve only foreign researchers,B,"Dashboards support transparent dissemination, the accessibility dimension of SDG data.",Medium,Dissemination,SDG Dashboards,Explain the role of SDG dissemination portals.
C04,Monitoring Sustainable Development Goals (SDGs),C04_Q19,FINAL,19,A State SDG composite index combines many indicators. The key caution in interpreting it is:,It removes all need for disaggregated data,It is the only valid measure of State performance,It can hide opposite trends in underlying indicators and depends on the weights and indicator choices,Weight choices never affect the index,C,Composites summarise performance but can mask component differences and are sensitive to weight choices.,Medium,Monitoring & Evaluation,Composite Index Caution,Interpret composite SDG indices cautiously.
C04,Monitoring Sustainable Development Goals (SDGs),C04_Q20,FINAL,20,An unemployment-rate indicator rose in the latest year after falling for three years. The correct monitoring response is to:,"Examine the underlying data, metadata and possible measurement or period changes before drawing conclusions",Immediately declare the SDG target failed,Assume the previous declines were wrong,Ignore the rise because trends never reverse,A,Inspecting components and definitions avoids misreading genuine reversals or data revisions.,Medium,Monitoring & Evaluation,Trend Interpretation,Interpret reversals in indicator trends.
C04,Monitoring Sustainable Development Goals (SDGs),C04_Q21,FINAL,21,"Two States show similar SDG index improvement, but one started from a much lower baseline. As a monitoring analyst you should:",Rank them solely by current index level,Treat any improvement as equal regardless of baseline,Ban comparisons between States entirely,"Compare pace and relative improvement, since absolute level and improvement measure different things",D,Progress assessment needs both level and pace; low-baseline States can improve faster in relative terms.,Advanced,Monitoring & Evaluation,Progress Comparison,Compare progress across baseline differences.
C04,Monitoring Sustainable Development Goals (SDGs),C04_Q22,FINAL,22,Localisation of SDGs down to the district level aims to:,Create contradictory goals with national plans,Adapt national targets to local contexts and enable district-level planning and data,Replace the 2030 target year with new dates,Reduce the number of Goals per district,B,Localisation tailors the SDG framework to sub-national priorities and data availability.,Medium,State-level Reporting,SDG Localisation,Explain SDG localisation.
C04,Monitoring Sustainable Development Goals (SDGs),C04_Q23,FINAL,23,A country's Voluntary National Review (VNR) at the UN High-Level Political Forum is chiefly intended to:,Impose sanctions on States failing targets,Set legally binding emissions quotas,Present national SDG progress and implementation experience to the global community,Replace national statistical programmes,C,VNRs are voluntary stocktaking reports shared during the High-Level Political Forum.,Advanced,Dissemination,Voluntary National Review,Describe the purpose of the VNR.
C04,Monitoring Sustainable Development Goals (SDGs),C04_Q24,FINAL,24,Which visualisation practice best supports decision-makers scanning an SDG dashboard?,Traffic-light colours mapping indicator status (on track / lagging) with clear baselines and targets,Crowding every indicator and target onto a single dense table,Showing only raw totals without any reference lines,Using colours that are meaningful only to the designer,A,Status colours and target lines let policymakers spot lagging indicators at a glance.,Medium,Dissemination,Dashboard Visualisation,Design decision-friendly SDG visuals.
C04,Monitoring Sustainable Development Goals (SDGs),C04_Q25,FINAL,25,"An official indicator shows stagnation for three consecutive years. Before labelling it 'off track', the analyst must check:",The religious composition of the respondent groups,Whether the indicator is popular on social media,"Data quality, periodicity, definitions and revisions, and whether the plateau reflects genuine stalling",The movement of the exchange rate,C,"Plateaus may reflect genuine stalling or measurement issues, so metadata scrutiny comes first.",Advanced,Data Quality,Stagnation Analysis,Investigate stagnation in indicator series.
C04,Monitoring Sustainable Development Goals (SDGs),C04_Q26,FINAL,26,SDG indicators measure progress relative to targets set for the year:,2030,2025,2045,2100,A,The SDG targets are set to be met by 2030 under the 2030 Agenda.,Easy,SDG Framework,Target Year,Identify the SDG target year.
C04,Monitoring Sustainable Development Goals (SDGs),C04_Q27,FINAL,27,The point of comparing an indicator's latest value with its baseline value described in the same metadata is to:,Ignore data from every other year,Compute only the median value,Replace the target with a new one,Measure cumulative change and the remaining gap to target since the starting reference year,D,Baseline-to-latest comparisons chart the distance already travelled and the gap that remains.,Easy,Monitoring & Evaluation,Baseline Comparison,Use baselines to measure change.
C04,Monitoring Sustainable Development Goals (SDGs),C04_Q28,FINAL,28,A State-level indicator from a household survey has a wide confidence interval. The correct reporting practice is:,Publish the point estimate as exact,Show the estimate with its uncertainty and avoid over-interpreting small year-to-year differences,Scale the number until it looks stable,Drop disaggregation permanently,B,"Sampling error makes small differences statistically indistinguishable, so uncertainty must be reported.",Advanced,Data Quality,Uncertainty Reporting,Report survey-based indicators with uncertainty.
C04,Monitoring Sustainable Development Goals (SDGs),C04_Q29,FINAL,29,"In the national SDG data flow, State DES/Statistical Bureaus typically:",Are bypassed in all data compilation,Only publish international trade data,Compile and validate State-level data provided to the national system for the NIF,Compile no official statistics,C,State statistical systems compile and validate much of the sub-national data feeding the NIF.,Medium,Data Flows & Sources,Data Flows,Describe data flows in SDG monitoring.
C04,Monitoring Sustainable Development Goals (SDGs),C04_Q30,FINAL,30,Comparing India's SDG progress with another country's requires the analyst to:,"Verify comparable indicator definitions, sources and target calibrations before drawing conclusions",Assume identical methodologies by default,Rank entire SDG lists purely by name,Report all differences as data errors,A,Cross-country comparisons are valid only when indicators are measured on comparable definitions.,Advanced,Monitoring & Evaluation,Cross-country Comparison,Assess the validity of cross-country SDG comparisons.
C05,National Quality Assurance Framework (NQAF),C05_Q01,INITIAL,1,The National Quality Assurance Framework (NQAF) of the official statistical system is best described as:,A software package for building statistical databases,A sampling scheme used in the Census,A framework that defines quality dimensions and expects statistical processes and outputs to comply with prescribed standards,A law governing election statistics only,C,The NQAF sets the quality dimensions and assurance practices that statistical processes and outputs must follow.,Easy,Statistical Quality,What is NQAF,Define the NQAF.
C05,National Quality Assurance Framework (NQAF),C05_Q02,INITIAL,2,"In official statistics, 'data quality' refers to:","The fitness of statistics for users' purposes, reflected in attributes such as relevance, accuracy, timeliness and coherence",How quickly data can be typed into a spreadsheet,The brand of software used to compile data,The physical size of the dataset files,A,"Quality is multidimensional, covering relevance, accuracy, timeliness, coherence, accessibility and clarity.",Easy,Statistical Quality,Data Quality,Define data quality.
C05,National Quality Assurance Framework (NQAF),C05_Q03,INITIAL,3,Why does a national statistical office maintain an explicit quality assurance framework?,To speed up data entry in all ministries,To reduce the number of official statistics published,To rank ministries by budget size,"To produce statistics that are credible, consistent and comparable, and to build public trust",D,"Systematic quality assurance makes statistics reliable and trustworthy, protecting institutional credibility.",Medium,Statistical Quality,Purpose of Quality Assurance,Justify the need for quality assurance.
C05,National Quality Assurance Framework (NQAF),C05_Q04,INITIAL,4,Statistical metadata is best described as:,The raw microdata files themselves,"Information documenting how statistics were defined, collected, processed and used",The software code used for printing reports,A summary of user complaints,B,"Metadata document the definitions and processes behind statistics, enabling correct interpretation.",Medium,Metadata,Metadata Concepts,Define statistical metadata.
C05,National Quality Assurance Framework (NQAF),C05_Q05,INITIAL,5,A preliminary CPI release is published rapidly but revised later. This illustrates:,A guaranteed error that invalidates the CPI,The irrelevance of quality assurance,"A trade-off between timeliness and accuracy, which should be managed transparently through a revision policy",A breach of statistical law,C,"Rapid preliminary estimates balance speed with accuracy, and a transparent revision policy maintains trust.",Advanced,Statistical Quality,Timeliness-Accuracy Trade-off,Describe the timeliness-accuracy trade-off.
C05,National Quality Assurance Framework (NQAF),C05_Q06,FINAL,6,Which set lists commonly recognised statistical quality dimensions under quality frameworks such as NQAF?,"Relevance, accuracy, timeliness, coherence, comparability, accessibility and clarity","Speed, colour, size, weight, price and popularity","Novelty, beauty, simplicity, brevity and tone","Profit, revenue, cost, tax and interest",A,"These dimensions underpin most official statistics quality frameworks, including the NQAF.",Easy,Statistical Quality,Quality Dimensions,List NQAF quality dimensions.
C05,National Quality Assurance Framework (NQAF),C05_Q07,FINAL,7,Statistical output is 'relevant' when:,Its file size is as small as possible,It is published only in English,It is identical to the previous release,It meets the current and potential needs of users for its intended purpose,D,Relevance is about how well the statistics serve the needs of their users.,Easy,Statistical Quality,Relevance,Define relevance.
C05,National Quality Assurance Framework (NQAF),C05_Q08,FINAL,8,"In the NQAF, 'accuracy' refers to:",How precisely the Excel formulas are written,"How close the estimates are to the true, unknown population values, covering both sampling and non-sampling error",How neatly the tables are formatted,How quickly the results are released,B,"Accuracy captures closeness to the true value, covering both bias and variance.",Medium,Statistical Quality,Accuracy,Define accuracy.
C05,National Quality Assurance Framework (NQAF),C05_Q09,FINAL,9,How do 'timeliness' and 'punctuality' differ in quality assessment?,They are exactly the same concept,Punctuality concerns data from other countries,Timeliness is the gap between the reference period and data release; punctuality is whether the release meets its announced schedule,Timeliness refers only to the Census,C,Timeliness concerns the lag after the reference period; punctuality concerns complying with the published calendar.,Medium,Statistical Quality,Timeliness vs Punctuality,Differentiate timeliness and punctuality.
C05,National Quality Assurance Framework (NQAF),C05_Q10,FINAL,10,Statistics from different sources or periods are 'coherent' when:,They can be combined or compared without serious logical or numerical inconsistencies across surveys and themes,They are produced by the same single person,They come from a single month of the year,They use no metadata at all,A,Coherence means related estimates agree and can be reconciled across sources and domains.,Medium,Statistical Quality,Coherence,Define coherence.
C05,National Quality Assurance Framework (NQAF),C05_Q11,FINAL,11,Comparability of statistics over time is achieved principally by:,Changing definitions in every revision for novelty,Using different reference periods each year,Removing metadata from publications,"Maintaining consistent concepts, definitions, classifications and methodology across the periods compared",D,Stable definitions and methods across time make series interpretable and comparable.,Medium,Statistical Quality,Comparability,Explain comparability.
C05,National Quality Assurance Framework (NQAF),C05_Q12,FINAL,12,A statistical output is 'accessible' when:,Only the compiling team can open the files,Users can obtain the statistics easily through clear publications or portals in formats and language appropriate to them,"Data are stored in a proprietary, undocumented format",The spreadsheet is protected by passwords,B,"Accessibility includes availability, format and user assistance while respecting confidentiality.",Easy,Statistical Quality,Accessibility,Define accessibility.
C05,National Quality Assurance Framework (NQAF),C05_Q13,FINAL,13,Metadata describing the definitions and classifications used in a survey is an example of:,A data-entry error report,A sample design plan left unpublished,Reference documentation that explains the concepts and methodology behind the statistics,The physical questionnaire paper stock,C,Reference metadata explain concepts and methodology so that users interpret figures correctly.,Medium,Metadata,Reference Metadata,Identify metadata documentation.
C05,National Quality Assurance Framework (NQAF),C05_Q14,FINAL,14,Which example is a statistical quality indicator an office can track operationally?,"Response rate, magnitude of revisions and coverage rate of the frame",Number of employees on leave,Colour of the annual report cover,Length of the minister's speech,A,"Operational indicators such as response, coverage and revision rates signal process quality.",Medium,Statistical Quality,Quality Indicators,Select operational quality indicators.
C05,National Quality Assurance Framework (NQAF),C05_Q15,FINAL,15,"GDP estimates are revised between the first, second and final releases. Under a sound quality regime this is:",A sign that the office is incompetent,A reason to suppress all later releases,A failure of statutory audit,Expected and transparent; revisions should be documented so users know their magnitude and causes,D,Routine revisions incorporate fuller source data and must be communicated to maintain trust.,Advanced,Statistical Process,Estimate Revisions,Handle estimate revisions transparently.
C05,National Quality Assurance Framework (NQAF),C05_Q16,FINAL,16,A process-oriented quality assurance approach emphasises:,Inspecting only the very last printed page,"Building quality into design, collection, processing and dissemination rather than only checking final tables",Outsourcing all editing to external consultants,Publishing without any checks,B,Process QA embeds checks throughout the statistical production pipeline.,Medium,Statistical Process,Process vs Output QA,Explain process-based quality assurance.
C05,National Quality Assurance Framework (NQAF),C05_Q17,FINAL,17,Fieldwork is compressed to hasten a survey release. Which quality risk is most immediate?,Higher accuracy from faster processing,Unchanged quality in every case,"Lower accuracy from rushed data collection, enumeration errors and higher non-response",Improved comparability automatically,C,Squeezing fieldwork raises measurement and non-response risks that erode accuracy.,Advanced,Statistical Process,Risk from Shortened Timelines,Assess risks from shortened timelines.
C05,National Quality Assurance Framework (NQAF),C05_Q18,FINAL,18,"Up-to-date process documentation (questionnaires, manuals, editing rules) chiefly supports:","Reproducibility, training, error diagnosis and transparency of the statistical process",Hiding methodology from users,Increasing the price of the questionnaire,Avoiding any audit review,A,"Documentation underpins transparency, audits, training and quality improvement.",Medium,Statistical Process,Process Documentation,Explain the role of process documentation.
C05,National Quality Assurance Framework (NQAF),C05_Q19,FINAL,19,"A series switches from one data source to another. To preserve comparability, the office should:",Issue the new values as a direct continuation automatically,Stop publishing the series forever,Ignore the previous series entirely,Overlap the sources or apply a linking adjustment and document the break in metadata,D,Overlaps or linking adjustments reconcile the old and new series and flag the structural break.,Advanced,Statistical Process,Series Breaks and Linking,Manage breaks in statistical series.
C05,National Quality Assurance Framework (NQAF),C05_Q20,FINAL,20,Which check best supports coherence across statistical products?,Renaming variables inconsistently each quarter,"Reconciling aggregate estimates against related totals (e.g., GDP components summing to GDP)",Publishing sub-totals that disagree with totals,Removing all stock and flow distinctions,B,Internal reconciliation of related aggregates exposes incoherence before release.,Medium,Statistical Quality,Coherence Checks,Verify coherence across products.
C05,National Quality Assurance Framework (NQAF),C05_Q21,FINAL,21,A national statistics 'code of practice' primarily serves to:,Define electoral boundaries for all States,Fix the annual budget of the NSO,Set the professional standards and principles that producers of official statistics must follow,Replace the need for any metadata,C,Codes of practice institutionalise professional independence and statistical standards.,Easy,Statistical Quality,Code of Practice,Explain the role of a code of practice.
C05,National Quality Assurance Framework (NQAF),C05_Q22,FINAL,22,A State-level estimate from a small subsample has a very large standard error. The correct action is:,"Publish the estimate with clear uncertainty or combine it with more data, rather than presenting it as precise",Publish the point estimate as exact and precise,Multiply the values to reduce the error,Delete the State from the sample frame,A,Transparent uncertainty reporting prevents misuse of imprecise figures.,Advanced,Statistical Quality,Small Domain Estimates,Handle imprecise small-domain estimates.
C05,National Quality Assurance Framework (NQAF),C05_Q23,FINAL,23,The 'clarity' dimension of a statistical release refers to:,Keeping the release secret until asked,Using dense jargon with no explanation,"Presenting figures, definitions and uses in plain, understandable terms for diverse users",Restricting tables to experts only,C,Clarity requires statistics to be accompanied by comprehensible explanation and context.,Easy,Statistical Quality,Clarity,Define clarity.
C05,National Quality Assurance Framework (NQAF),C05_Q24,FINAL,24,"At the processing stage, which is an appropriate validation procedure?","Checking plausibility, range, ratios and consistency of the edited data against expected patterns",Randomly deleting cases that appear unusual,Accepting all records without any review,Removing every record that fails a single typing check,A,Systematic edit and validation rules detect errors while retaining legitimate records.,Advanced,Statistical Process,Validation Checks,Apply validation during processing.
C05,National Quality Assurance Framework (NQAF),C05_Q25,FINAL,25,"In data review, an outlier record with an extreme but possible household size should be:",Deleted immediately because it looks unusual,Ignored in all computations forever,Used only to adjust the response-rate target,Investigated and verified in the field before deciding whether it is an error or a genuine value,D,"Extreme observations can be genuine, so field verification distinguishes errors from real values.",Medium,Statistical Process,Outlier Treatment,Decide how to treat outliers.
C05,National Quality Assurance Framework (NQAF),C05_Q26,FINAL,26,"In planning a survey, a realistic way to balance cost and quality is to:",Fix the sample to the largest feasible size regardless of budget,"Adjust the design to an acceptable precision target per domain, trading sample size against cost while documenting assumptions",Collect data with no defined methodology,Set the confidence level to 200%,B,"Design choices balance precision, cost and quality constraints in an explicit optimisation.",Advanced,Statistical Process,Cost-Quality Trade-offs,Balance cost and quality in survey design.
C05,National Quality Assurance Framework (NQAF),C05_Q27,FINAL,27,"To assess the 'relevance' of its statistical products, an NSO most appropriately:",Bans external users from all data,Relies only on internal views,"Consults users periodically on the uses, gaps and priorities of statistics",Consults users once every fifty years,C,User feedback and consultations provide the evidence base for relevance assessment.,Medium,Statistical Quality,User Consultation,Assess relevance through user engagement.
C05,National Quality Assurance Framework (NQAF),C05_Q28,FINAL,28,A 'quality report' accompanying a statistical domain typically documents:,Indicators of each quality dimension and the methods and processes supporting them,Only the number of staff employed,The software licences used,A list of competitor agencies,A,"Quality reports give a structured, transparent account of the strengths and limitations of statistics.",Advanced,Statistical Quality,Quality Reporting,Draft a quality report.
C05,National Quality Assurance Framework (NQAF),C05_Q29,FINAL,29,State price indices are compiled with different base years and weights across States. This most directly threatens the quality dimension of:,Relevance to the central government,Clarity of the monthly release,Punctuality of the release calendar,Comparability (coherence across States),D,"Differing bases and weights make State indices hard to compare, harming comparability.",Medium,Statistical Quality,Coherence Across States,Identify coherence issues across States.
C05,National Quality Assurance Framework (NQAF),C05_Q30,FINAL,30,An agency must release provisional results that will later be revised. A quality-assuring release protocol would:,Issue the provisional figures as final with no caveats,"Publish provisional figures clearly labelled, explain the revision policy and retain the metadata needed for later revisions",Withhold all early data to avoid revision risk,Revise the figures silently without any announcement,B,Transparent labelling and documentation of provisional data strike the right quality balance.,Advanced,Statistical Process,Release Protocol,Design a transparent release protocol.
C06,Executive Dashboard Development in Power BI,C06_Q01,INITIAL,1,Microsoft Power BI is best described as:,A word-processing application,A relational database engine only,An operating system,"A business analytics tool for connecting to data, building visuals and sharing dashboards",D,"Power BI supports end-to-end data preparation, modelling, visualisation and sharing for business analytics.",Easy,Power BI Fundamentals,What is Power BI,Describe Power BI.
C06,Executive Dashboard Development in Power BI,C06_Q02,INITIAL,2,"In executive reporting, a KPI (Key Performance Indicator) is:",A type of database index,A metric that tracks whether an important goal is being met,A column with no data,A chart style selector,B,A KPI links a measure to a strategic objective so management can monitor performance.,Easy,Data Visualisation,KPI Concepts,Define a KPI.
C06,Executive Dashboard Development in Power BI,C06_Q03,INITIAL,3,"In Power BI, the key difference between a measure and a calculated column is:",Measures are stored in the database while calculated columns disappear after refresh,They are identical functions of data,"A measure is computed dynamically in filter/report context, while a calculated column is stored row-by-row in the data model",Calculated columns cannot be numeric,C,"Measures evaluate at query time under filter context, whereas calculated columns are materialised per row.",Medium,DAX & Measures,Measures vs Calculated Columns,Differentiate measures and calculated columns.
C06,Executive Dashboard Development in Power BI,C06_Q04,INITIAL,4,"To join two tables in a Power BI data model (e.g., 'Orders' and 'District'), the analyst defines:","A relationship on a common key, typically one-to-many from the lookup table to the fact table",A chart between the two tables,A data header at the top of the report,A slicer for each table separately,A,Relationships on shared keys connect tables so visuals can combine fields across them.,Medium,Data Modelling,Table Relationships,Describe table relationships.
C06,Executive Dashboard Development in Power BI,C06_Q05,INITIAL,5,"To let an executive quickly compare monthly expenditure trends across States for 24 months, the most appropriate visual is:",A pie chart showing the latest month's share,A scatterplot of raw district codes,A table listing all months and States as text,A line chart with month on the axis and one line per State,D,"Line charts convey time-series trends clearly, and multiple lines let States be compared directly.",Advanced,Data Visualisation,Chart Selection,Choose a chart for time trends.
C06,Executive Dashboard Development in Power BI,C06_Q06,FINAL,6,Which set lists the core components of Power BI?,"Word, Excel and PowerPoint add-ins only","Power Query, the data model, reports and the Power BI Service for sharing","Compiler, linker and debugger tools","Stock, bond and commodity data feeds",B,"Power BI Desktop handles data preparation, modelling and reports, while the Service provides sharing and refresh.",Easy,Power BI Fundamentals,Power BI Components,Identify Power BI components.
C06,Executive Dashboard Development in Power BI,C06_Q07,FINAL,7,"To import data from multiple structured sources into a Power BI model, the typical entry point is:",A keyboard macro in the browser,Manually typing every row,"Power Query (Get Data), which connects, cleans and loads the tables",The operating system terminal,C,Get Data and Power Query provide reusable connection and transformation steps.,Easy,Data Modelling,Data Ingestion,Load data into Power BI.
C06,Executive Dashboard Development in Power BI,C06_Q08,FINAL,8,"In a Power BI data model, a star schema arrangement means:",Fact tables in the centre connected to surrounding dimension (lookup) tables,Tables arranged alphabetically in a single workbook,All data combined into one extremely wide table,Charts placed at the edge of the report page,A,"Star schemas separate facts (measures) from dimensions (attributes), enabling efficient filtering.",Medium,Data Modelling,Star Schema,Describe a star schema.
C06,Executive Dashboard Development in Power BI,C06_Q09,FINAL,9,"When a 'District' dimension filters a 'Scheme expenditure' fact table, the relationship direction matters because:",Filters only move from facts to dimensions,Directions are irrelevant for all measures,Relationships cannot apply any filters,Filters generally propagate from dimension to fact tables so visuals slice measures correctly,D,Correct relationship direction lets slicers on dimensions filter the underlying facts.,Medium,Data Modelling,Filter Propagation,Explain filter propagation.
C06,Executive Dashboard Development in Power BI,C06_Q10,FINAL,10,A slicer on a dashboard is used to:,Split data into separate pages permanently,Let viewers interactively filter the visuals by selected categories or time periods,Rotate charts automatically,Hide all data from the model,B,"Slicers are visual filters that provide on-page, user-driven interactivity.",Easy,Filters & Interactivity,Slicers,Use slicers for interactivity.
C06,Executive Dashboard Development in Power BI,C06_Q11,FINAL,11,Which DAX expression totals the 'amount' column of a 'Scheme' fact table?,Total Scheme = AVERAGE(Scheme[amount]),Total Scheme = COUNT(Scheme[amount]),Total Scheme = SUM(Scheme[amount]),Total Scheme = MAX(Scheme[amount]),C,SUM aggregates the amount column across the current filter context.,Easy,DAX & Measures,DAX Basics,Write a basic DAX measure.
C06,Executive Dashboard Development in Power BI,C06_Q12,FINAL,12,The 'filter context' in DAX refers to:,"The set of filters from slicers, rows, columns and report filters that determine which rows a measure evaluates",The colour palette of a shaded visual,The file name of the report,The row order of the raw data,A,"Measures respond to filter context, which is why the same measure yields different values in different visuals.",Medium,DAX & Measures,Filter Context,Explain filter context.
C06,Executive Dashboard Development in Power BI,C06_Q13,FINAL,13,"Which DAX expression computes total expenditure only for the year 2023, ignoring the current year filter?","SUMIF(Scheme[amount], Scheme[year] = 2023)",SUM(Scheme[amount]) FILTER 2023,TOTALYTD(SUM(Scheme[amount])),"CALCULATE(SUM(Scheme[amount]), Scheme[year] = 2023)",D,"CALCULATE overrides the filter context with a new filter, here restricting to 2023.",Advanced,DAX & Measures,CALCULATE Function,Write a CALCULATE-based measure.
C06,Executive Dashboard Development in Power BI,C06_Q14,FINAL,14,When should an analyst prefer a calculated column over a measure?,When the metric must respond to slicers and filters,"When a row-level value is needed as a fixed attribute for filtering or aggregation (e.g., an age group per record)",When the value must be computed only at visualisation time,Under no circumstance at all,B,"Row-level attributes fit calculated columns, while context-dependent aggregates fit measures.",Medium,DAX & Measures,Column vs Measure Choice,Decide between measures and calculated columns.
C06,Executive Dashboard Development in Power BI,C06_Q15,FINAL,15,"To highlight the single most important number for an executive at the top of a dashboard, the best choice is:",A 50-row data table,A scatterplot of all districts,"A KPI card showing the measure, the target and the direction of change",A donut chart of every category,C,KPI cards foreground the headline metric while carrying the target and trend context.,Easy,KPI & Dashboard Design,KPI Cards,Select KPI card visuals.
C06,Executive Dashboard Development in Power BI,C06_Q16,FINAL,16,"For an executive dashboard, which design principle is most important?","A clear hierarchy: headline KPIs first, supporting charts next, with consistent and minimal clutter",Filling every pixel with many small tables,Using every colour of the palette equally,Placing the most detailed raw table at the top,A,Executives need scannable priorities; hierarchy guides the eye from summary to detail.,Medium,KPI & Dashboard Design,Dashboard Hierarchy,Apply dashboard design hierarchy.
C06,Executive Dashboard Development in Power BI,C06_Q17,FINAL,17,"A chart's vertical axis starts at 90 instead of zero, exaggerating a small fall in a KPI. This violates:",Automatic refresh scheduling,Row-level security,The naming convention of the report,"Honest data storytelling, because axis truncation can mislead viewers about the magnitude of change",D,"Truncated axes distort proportions, so honest visuals keep scales and baselines transparent.",Advanced,Data Storytelling,Misleading Visuals,Avoid misleading axis scaling.
C06,Executive Dashboard Development in Power BI,C06_Q18,FINAL,18,Data storytelling in a dashboard means:,Adding as much text as possible to every visual,"Structuring data, visuals and narrative so that findings and recommended actions are clear to the audience",Replacing all charts with paragraphs,Removing all annotations from visuals,B,Storytelling unifies evidence and narrative to drive decisions.,Medium,Data Storytelling,Narrative Design,Explain data storytelling.
C06,Executive Dashboard Development in Power BI,C06_Q19,FINAL,19,Conditional formatting in a Power BI visual is used to:,Change the font of the title manually once,Rename a column permanently,"Colour values automatically based on rules (e.g., red when a KPI falls below target)",Rebuild the data model each week,C,Rules-based colouring draws attention to outliers and thresholds.,Medium,Filters & Interactivity,Conditional Formatting,Apply conditional formatting.
C06,Executive Dashboard Development in Power BI,C06_Q20,FINAL,20,Row-level security (RLS) in Power BI protects data by:,"Restricting which rows different users can view, based on defined roles and DAX expressions",Disabling all visuals for non-finance users,Encrypting the visual colours,Blocking external report refresh permanently,A,RLS filters data by user roles so each viewer sees only the authorised rows.,Advanced,Data Governance,Row-Level Security,Explain row-level security.
C06,Executive Dashboard Development in Power BI,C06_Q21,FINAL,21,A report with hundreds of complex visuals runs slowly. The most effective performance fix is:,Add even more visuals to the same page,Import wider tables with duplicate columns,"Simplify to fewer, well-modelled visuals and measures, reduce rows, and avoid heavy per-row calculations",Disable relationships to save memory,C,"Model and visual efficiency, not more hardware, usually determines report speed.",Advanced,Performance & Best Practice,Report Performance,Diagnose report performance.
C06,Executive Dashboard Development in Power BI,C06_Q22,FINAL,22,"To share a completed dashboard with stakeholders who do not have Power BI Desktop, the standard route is:",Publish the report to Power BI Service and share it with the intended workspace or audience,Send the .pbix file by group email,Screenshot every visual into Word,Print all pages as PDFs,A,"The Service enables controlled sharing, live refresh and governance.",Medium,Power BI Fundamentals,Publishing & Sharing,Publish and share dashboards.
C06,Executive Dashboard Development in Power BI,C06_Q23,FINAL,23,An 'auto refresh' schedule in Power BI Service affects:,The colour scheme of the visuals,The names of the report pages,The security of user passwords,When the data sources are re-imported through the gateway to update the dashboard data,D,Scheduled refresh keeps published dashboards current from the configured data sources.,Medium,Power BI Fundamentals,Data Refresh,Manage data refresh.
C06,Executive Dashboard Development in Power BI,C06_Q24,FINAL,24,"For a Chief Statistician's dashboard, KPIs should be arranged so that:",Only the most detailed tables are shown,"Top-level indicators appear first, drilling down to the underlying detailed indicators when needed",Every KPI is equally prominent with no hierarchy,No indicator is connected to any target,B,"The hierarchy mirrors management focus: headline outcomes first, then their drivers.",Medium,KPI & Dashboard Design,KPI Hierarchy,Structure KPI hierarchies.
C06,Executive Dashboard Development in Power BI,C06_Q25,FINAL,25,A State Statistical Bureau wants a monthly executive dashboard on survey operations. A recommended design starts with:,A single enormous table of all raw records,Only decorative charts with static labels,"KPIs such as response rate, coverage and timelines with trend lines, plus drill-downs to districts and stages",No filters because executives dislike them,C,Operational KPIs with drill-down give executives both a status snapshot and a diagnosis capability.,Advanced,KPI & Dashboard Design,Operations Dashboard Design,Design an executive operations dashboard.
C06,Executive Dashboard Development in Power BI,C06_Q26,FINAL,26,Which measure computes the year-to-date total of a KPI within the current date context?,"TOTALYTD(SUM(Scheme[amount]), 'Calendar'[Date])",TOTALMONTH(SUM(Scheme[amount])),"DATEDIFF(SUM(Scheme[amount]), 'Calendar'[Date])","CALCULATE(SUM(Scheme[amount]), 'Calendar'[Year])",A,TOTALYTD computes the cumulative total from the start of the year to the latest date in context.,Advanced,DAX & Measures,Time Intelligence,Write a year-to-date DAX measure.
C06,Executive Dashboard Development in Power BI,C06_Q27,FINAL,27,Drill-down in a hierarchy visual (Year -> Quarter -> Month) allows a user to:,Open a separate database for each level,Switch between active connections,Filter by only the first data row,Move from summary levels to successively detailed levels within the same visual,D,Hierarchies enable progressive disclosure of detail on demand.,Medium,Filters & Interactivity,Drill-down,Explain drill-down behaviour.
C06,Executive Dashboard Development in Power BI,C06_Q28,FINAL,28,A 'drillthrough' page in Power BI is designed to:,Print the main page in landscape,Show focused detail about a selected record or measure when a user clicks from a main page,Change the login credentials,Add new columns to the model,B,Drillthrough pages present context-specific detail from a selection point.,Medium,Filters & Interactivity,Drillthrough,Use drillthrough pages.
C06,Executive Dashboard Development in Power BI,C06_Q29,FINAL,29,An analyst must compare the quarterly growth of six socio-economic indicators consistently. The best single visual approach is:,Six pie charts of the quarterly totals,A table of raw quarterly values only,A set of small-multiple line charts on a shared axis so the patterns are directly comparable,One scatterplot with the six indicator names encoded as colour,C,Small multiples control for axis differences and make patterns across indicators directly comparable.,Advanced,Data Visualisation,Small Multiples,Select comparable chart layouts.
C06,Executive Dashboard Development in Power BI,C06_Q30,FINAL,30,"To ensure all ministries report the same definition of 'expenditure covered', a dashboard strategy includes:","A certified data model with shared measure definitions, used as a single governed dataset by all reports",Every team building its own copy with different measures,Publishing conflicting figures intentionally,Discarding shared definitions annually,A,"Certified, governed datasets provide one version of the truth across dashboards.",Advanced,Data Governance,Dashboard Governance,Apply dashboard governance.
